rank,uid,title,year,venue,url,problem_claimed,actual_mechanism,hidden_assumptions,variables_treated_as_fixed,failure_modes_ignored,what_it_makes_less_novel,what_it_leaves_open
1,doi:10.1609/aaai.v38i9.28898,LINGO-Space: Language-Conditioned Incremental Grounding for Space,2024,Proceedings of the AAAI Conference on Artificial Intelligence,https://doi.org/10.1609/aaai.v38i9.28898,Addresses tactile-language-action models or a neighboring robotics mechanism.,"Prior work usually predicts, ranks, filters, or imitates observed behavior rather than preserving unrealized branches.",The observed outcome is enough to supervise the model.,"Contact mode support, embodiment limits, and deployment perturbations.","Branch collapse, hidden-mode shift, and tail-risk planning failures.",Generic world models and generic uncertainty are crowded.,Tactile language grounding debt keeps action-critical alternatives explicit until a physical observation collapses them.
2,doi:10.18653/v1/2024.alvr-1.4,Negative Object Presence Evaluation (NOPE) to Measure Object Hallucination in Vision-Language Models,2024,Proceedings of the 3rd Workshop on Advances in Language and Vision Research (ALVR),https://doi.org/10.18653/v1/2024.alvr-1.4,Addresses tactile-language-action models or a neighboring robotics mechanism.,"Prior work usually predicts, ranks, filters, or imitates observed behavior rather than preserving unrealized branches.",The observed outcome is enough to supervise the model.,"Contact mode support, embodiment limits, and deployment perturbations.","Branch collapse, hidden-mode shift, and tail-risk planning failures.",Generic world models and generic uncertainty are crowded.,Tactile language grounding debt keeps action-critical alternatives explicit until a physical observation collapses them.
3,doi:10.1609/icaps.v34i1.31506,SayNav: Grounding Large Language Models for Dynamic Planning to Navigation in New Environments,2024,Proceedings of the International Conference on Automated Planning and Scheduling,https://doi.org/10.1609/icaps.v34i1.31506,Addresses tactile-language-action models or a neighboring robotics mechanism.,"Prior work usually predicts, ranks, filters, or imitates observed behavior rather than preserving unrealized branches.",The observed outcome is enough to supervise the model.,"Contact mode support, embodiment limits, and deployment perturbations.","Branch collapse, hidden-mode shift, and tail-risk planning failures.",Generic world models and generic uncertainty are crowded.,Tactile language grounding debt keeps action-critical alternatives explicit until a physical observation collapses them.
4,doi:10.1109/lra.2024.3362591,DRAGON: A Dialogue-Based Robot for Assistive Navigation with Visual Language Grounding,2023,arXiv,http://arxiv.org/abs/2307.06924v3,Addresses tactile-language-action models or a neighboring robotics mechanism.,"Prior work usually predicts, ranks, filters, or imitates observed behavior rather than preserving unrealized branches.",The observed outcome is enough to supervise the model.,"Contact mode support, embodiment limits, and deployment perturbations.","Branch collapse, hidden-mode shift, and tail-risk planning failures.",Generic world models and generic uncertainty are crowded.,Tactile language grounding debt keeps action-critical alternatives explicit until a physical observation collapses them.
5,arxiv:2602.17659v1,When Vision Overrides Language: Evaluating and Mitigating Counterfactual Failures in VLAs,2026,arXiv,http://arxiv.org/abs/2602.17659v1,Addresses tactile-language-action models or a neighboring robotics mechanism.,"Prior work usually predicts, ranks, filters, or imitates observed behavior rather than preserving unrealized branches.",The observed outcome is enough to supervise the model.,"Contact mode support, embodiment limits, and deployment perturbations.","Branch collapse, hidden-mode shift, and tail-risk planning failures.",Generic world models and generic uncertainty are crowded.,Tactile language grounding debt keeps action-critical alternatives explicit until a physical observation collapses them.
6,arxiv:2412.14058v4,What Matters in Building Vision-Language-Action Models for Generalist Robots,2024,arXiv,http://arxiv.org/abs/2412.14058v4,Addresses tactile-language-action models or a neighboring robotics mechanism.,"Prior work usually predicts, ranks, filters, or imitates observed behavior rather than preserving unrealized branches.",The observed outcome is enough to supervise the model.,"Contact mode support, embodiment limits, and deployment perturbations.","Branch collapse, hidden-mode shift, and tail-risk planning failures.",Generic world models and generic uncertainty are crowded.,Tactile language grounding debt keeps action-critical alternatives explicit until a physical observation collapses them.
7,doi:10.1609/aaai.v40i22.38947,Grounding Actions in Camera Space: Observation-Centric Vision-Language-Action Policy,2026,Proceedings of the AAAI Conference on Artificial Intelligence,https://doi.org/10.1609/aaai.v40i22.38947,Addresses tactile-language-action models or a neighboring robotics mechanism.,"Prior work usually predicts, ranks, filters, or imitates observed behavior rather than preserving unrealized branches.",The observed outcome is enough to supervise the model.,"Contact mode support, embodiment limits, and deployment perturbations.","Branch collapse, hidden-mode shift, and tail-risk planning failures.",Generic world models and generic uncertainty are crowded.,Tactile language grounding debt keeps action-critical alternatives explicit until a physical observation collapses them.
8,arxiv:2204.06252v2,What Matters in Language Conditioned Robotic Imitation Learning over Unstructured Data,2022,arXiv,http://arxiv.org/abs/2204.06252v2,Addresses tactile-language-action models or a neighboring robotics mechanism.,"Prior work usually predicts, ranks, filters, or imitates observed behavior rather than preserving unrealized branches.",The observed outcome is enough to supervise the model.,"Contact mode support, embodiment limits, and deployment perturbations.","Branch collapse, hidden-mode shift, and tail-risk planning failures.",Generic world models and generic uncertainty are crowded.,Tactile language grounding debt keeps action-critical alternatives explicit until a physical observation collapses them.
9,doi:10.1109/lra.2022.3196123,What Matters in Language Conditioned Robotic Imitation Learning Over Unstructured Data,2022,IEEE Robotics and Automation Letters,https://doi.org/10.1109/lra.2022.3196123,Addresses tactile-language-action models or a neighboring robotics mechanism.,"Prior work usually predicts, ranks, filters, or imitates observed behavior rather than preserving unrealized branches.",The observed outcome is enough to supervise the model.,"Contact mode support, embodiment limits, and deployment perturbations.","Branch collapse, hidden-mode shift, and tail-risk planning failures.",Generic world models and generic uncertainty are crowded.,Tactile language grounding debt keeps action-critical alternatives explicit until a physical observation collapses them.
10,doi:10.1049/cvi2.12268,OmDet: Large‐scale vision‐language multi‐dataset pre‐training with multimodal detection network,2024,IET Computer Vision,https://doi.org/10.1049/cvi2.12268,Addresses tactile-language-action models or a neighboring robotics mechanism.,"Prior work usually predicts, ranks, filters, or imitates observed behavior rather than preserving unrealized branches.",The observed outcome is enough to supervise the model.,"Contact mode support, embodiment limits, and deployment perturbations.","Branch collapse, hidden-mode shift, and tail-risk planning failures.",Generic world models and generic uncertainty are crowded.,Tactile language grounding debt keeps action-critical alternatives explicit until a physical observation collapses them.
11,arxiv:2602.03973v1,VLS: Steering Pretrained Robot Policies via Vision-Language Models,2026,arXiv,http://arxiv.org/abs/2602.03973v1,Addresses tactile-language-action models or a neighboring robotics mechanism.,"Prior work usually predicts, ranks, filters, or imitates observed behavior rather than preserving unrealized branches.",The observed outcome is enough to supervise the model.,"Contact mode support, embodiment limits, and deployment perturbations.","Branch collapse, hidden-mode shift, and tail-risk planning failures.",Generic world models and generic uncertainty are crowded.,Tactile language grounding debt keeps action-critical alternatives explicit until a physical observation collapses them.
12,arxiv:2603.12510v3,Red-Teaming Vision-Language-Action Models via Quality Diversity Prompt Generation for Robust Robot Policies,2026,arXiv,http://arxiv.org/abs/2603.12510v3,Addresses tactile-language-action models or a neighboring robotics mechanism.,"Prior work usually predicts, ranks, filters, or imitates observed behavior rather than preserving unrealized branches.",The observed outcome is enough to supervise the model.,"Contact mode support, embodiment limits, and deployment perturbations.","Branch collapse, hidden-mode shift, and tail-risk planning failures.",Generic world models and generic uncertainty are crowded.,Tactile language grounding debt keeps action-critical alternatives explicit until a physical observation collapses them.
13,doi:10.1109/icra57147.2024.10610443,LLM-Grounder: Open-Vocabulary 3D Visual Grounding with Large Language Model as an Agent,2024,2024 IEEE International Conference on Robotics and Automation (ICRA),https://doi.org/10.1109/icra57147.2024.10610443,Addresses tactile-language-action models or a neighboring robotics mechanism.,"Prior work usually predicts, ranks, filters, or imitates observed behavior rather than preserving unrealized branches.",The observed outcome is enough to supervise the model.,"Contact mode support, embodiment limits, and deployment perturbations.","Branch collapse, hidden-mode shift, and tail-risk planning failures.",Generic world models and generic uncertainty are crowded.,Tactile language grounding debt keeps action-critical alternatives explicit until a physical observation collapses them.
14,doi:10.3390/s26113541,Sensing the Action: Rethinking Sensor Modalities and Multi-Modal Fusion in Vision–Language–Action Models for Robotic Manipulation,2026,Sensors,https://doi.org/10.3390/s26113541,Addresses tactile-language-action models or a neighboring robotics mechanism.,"Prior work usually predicts, ranks, filters, or imitates observed behavior rather than preserving unrealized branches.",The observed outcome is enough to supervise the model.,"Contact mode support, embodiment limits, and deployment perturbations.","Branch collapse, hidden-mode shift, and tail-risk planning failures.",Generic world models and generic uncertainty are crowded.,Tactile language grounding debt keeps action-critical alternatives explicit until a physical observation collapses them.
15,arxiv:2503.08548v1,TLA: Tactile-Language-Action Model for Contact-Rich Manipulation,2025,arXiv,http://arxiv.org/abs/2503.08548v1,Addresses tactile-language-action models or a neighboring robotics mechanism.,"Prior work usually predicts, ranks, filters, or imitates observed behavior rather than preserving unrealized branches.",The observed outcome is enough to supervise the model.,"Contact mode support, embodiment limits, and deployment perturbations.","Branch collapse, hidden-mode shift, and tail-risk planning failures.",Generic world models and generic uncertainty are crowded.,Tactile language grounding debt keeps action-critical alternatives explicit until a physical observation collapses them.
16,arxiv:2507.09160v1,Tactile-VLA: Unlocking Vision-Language-Action Model's Physical Knowledge for Tactile Generalization,2025,arXiv,http://arxiv.org/abs/2507.09160v1,Addresses tactile-language-action models or a neighboring robotics mechanism.,"Prior work usually predicts, ranks, filters, or imitates observed behavior rather than preserving unrealized branches.",The observed outcome is enough to supervise the model.,"Contact mode support, embodiment limits, and deployment perturbations.","Branch collapse, hidden-mode shift, and tail-risk planning failures.",Generic world models and generic uncertainty are crowded.,Tactile language grounding debt keeps action-critical alternatives explicit until a physical observation collapses them.
17,arxiv:2308.16893v1,Language-Conditioned Path Planning,2023,arXiv,http://arxiv.org/abs/2308.16893v1,Addresses tactile-language-action models or a neighboring robotics mechanism.,"Prior work usually predicts, ranks, filters, or imitates observed behavior rather than preserving unrealized branches.",The observed outcome is enough to supervise the model.,"Contact mode support, embodiment limits, and deployment perturbations.","Branch collapse, hidden-mode shift, and tail-risk planning failures.",Generic world models and generic uncertainty are crowded.,Tactile language grounding debt keeps action-critical alternatives explicit until a physical observation collapses them.
18,doi:10.15607/rss.2021.xvii.047,Language Conditioned Imitation Learning Over Unstructured Data,2021,Robotics: Science and Systems XVII,https://doi.org/10.15607/rss.2021.xvii.047,Addresses tactile-language-action models or a neighboring robotics mechanism.,"Prior work usually predicts, ranks, filters, or imitates observed behavior rather than preserving unrealized branches.",The observed outcome is enough to supervise the model.,"Contact mode support, embodiment limits, and deployment perturbations.","Branch collapse, hidden-mode shift, and tail-risk planning failures.",Generic world models and generic uncertainty are crowded.,Tactile language grounding debt keeps action-critical alternatives explicit until a physical observation collapses them.
19,arxiv:2508.10333v1,ReconVLA: Reconstructive Vision-Language-Action Model as Effective Robot Perceiver,2025,arXiv,http://arxiv.org/abs/2508.10333v1,Addresses tactile-language-action models or a neighboring robotics mechanism.,"Prior work usually predicts, ranks, filters, or imitates observed behavior rather than preserving unrealized branches.",The observed outcome is enough to supervise the model.,"Contact mode support, embodiment limits, and deployment perturbations.","Branch collapse, hidden-mode shift, and tail-risk planning failures.",Generic world models and generic uncertainty are crowded.,Tactile language grounding debt keeps action-critical alternatives explicit until a physical observation collapses them.
20,arxiv:2112.03227v4,CALVIN: A Benchmark for Language-Conditioned Policy Learning for Long-Horizon Robot Manipulation Tasks,2021,arXiv,http://arxiv.org/abs/2112.03227v4,Addresses tactile-language-action models or a neighboring robotics mechanism.,"Prior work usually predicts, ranks, filters, or imitates observed behavior rather than preserving unrealized branches.",The observed outcome is enough to supervise the model.,"Contact mode support, embodiment limits, and deployment perturbations.","Branch collapse, hidden-mode shift, and tail-risk planning failures.",Generic world models and generic uncertainty are crowded.,Tactile language grounding debt keeps action-critical alternatives explicit until a physical observation collapses them.
21,doi:10.1609/aaai.v40i22.38882,STOLA: Self-Adaptive Touch-Language Framework for Tactile Commonsense Reasoning in Open-Ended Scenarios,2026,Proceedings of the AAAI Conference on Artificial Intelligence,https://doi.org/10.1609/aaai.v40i22.38882,Addresses tactile-language-action models or a neighboring robotics mechanism.,"Prior work usually predicts, ranks, filters, or imitates observed behavior rather than preserving unrealized branches.",The observed outcome is enough to supervise the model.,"Contact mode support, embodiment limits, and deployment perturbations.","Branch collapse, hidden-mode shift, and tail-risk planning failures.",Generic world models and generic uncertainty are crowded.,Tactile language grounding debt keeps action-critical alternatives explicit until a physical observation collapses them.
22,doi:10.20944/preprints202601.0910.v1,State Drift in Language-Conditioned Autonomous Agents: A Failure Mode of Long-Horizon Reasoning,,,https://doi.org/10.20944/preprints202601.0910.v1,Addresses tactile-language-action models or a neighboring robotics mechanism.,"Prior work usually predicts, ranks, filters, or imitates observed behavior rather than preserving unrealized branches.",The observed outcome is enough to supervise the model.,"Contact mode support, embodiment limits, and deployment perturbations.","Branch collapse, hidden-mode shift, and tail-risk planning failures.",Generic world models and generic uncertainty are crowded.,Tactile language grounding debt keeps action-critical alternatives explicit until a physical observation collapses them.
23,doi:10.1609/aaai.v40i22.38921,ReconVLA: Reconstructive Vision-Language-Action Model as Effective Robot Perceiver,2026,Proceedings of the AAAI Conference on Artificial Intelligence,https://doi.org/10.1609/aaai.v40i22.38921,Addresses tactile-language-action models or a neighboring robotics mechanism.,"Prior work usually predicts, ranks, filters, or imitates observed behavior rather than preserving unrealized branches.",The observed outcome is enough to supervise the model.,"Contact mode support, embodiment limits, and deployment perturbations.","Branch collapse, hidden-mode shift, and tail-risk planning failures.",Generic world models and generic uncertainty are crowded.,Tactile language grounding debt keeps action-critical alternatives explicit until a physical observation collapses them.
24,doi:10.1609/aaai.v40i29.39677,Continuous Vision-Language-Action Co-Learning with Semantic-Physical Alignment for Behavioral Cloning,2026,Proceedings of the AAAI Conference on Artificial Intelligence,https://doi.org/10.1609/aaai.v40i29.39677,Addresses tactile-language-action models or a neighboring robotics mechanism.,"Prior work usually predicts, ranks, filters, or imitates observed behavior rather than preserving unrealized branches.",The observed outcome is enough to supervise the model.,"Contact mode support, embodiment limits, and deployment perturbations.","Branch collapse, hidden-mode shift, and tail-risk planning failures.",Generic world models and generic uncertainty are crowded.,Tactile language grounding debt keeps action-critical alternatives explicit until a physical observation collapses them.
25,doi:10.1109/cvpr52734.2025.02303,MIMO: A medical vision language model with visual referring multimodal input and pixel grounding multimodal output,2025,2025 IEEE/CVF Conference on Computer Vision and Pattern Recognition (CVPR),https://doi.org/10.1109/cvpr52734.2025.02303,Addresses tactile-language-action models or a neighboring robotics mechanism.,"Prior work usually predicts, ranks, filters, or imitates observed behavior rather than preserving unrealized branches.",The observed outcome is enough to supervise the model.,"Contact mode support, embodiment limits, and deployment perturbations.","Branch collapse, hidden-mode shift, and tail-risk planning failures.",Generic world models and generic uncertainty are crowded.,Tactile language grounding debt keeps action-critical alternatives explicit until a physical observation collapses them.
26,arxiv:2511.17889v1,MobileVLA-R1: Reinforcing Vision-Language-Action for Mobile Robots,2025,arXiv,http://arxiv.org/abs/2511.17889v1,Addresses tactile-language-action models or a neighboring robotics mechanism.,"Prior work usually predicts, ranks, filters, or imitates observed behavior rather than preserving unrealized branches.",The observed outcome is enough to supervise the model.,"Contact mode support, embodiment limits, and deployment perturbations.","Branch collapse, hidden-mode shift, and tail-risk planning failures.",Generic world models and generic uncertainty are crowded.,Tactile language grounding debt keeps action-critical alternatives explicit until a physical observation collapses them.
27,arxiv:2510.19655v2,LaViRA: Language-Vision-Robot Actions Translation for Zero-Shot Vision Language Navigation in Continuous Environments,2025,arXiv,http://arxiv.org/abs/2510.19655v2,Addresses tactile-language-action models or a neighboring robotics mechanism.,"Prior work usually predicts, ranks, filters, or imitates observed behavior rather than preserving unrealized branches.",The observed outcome is enough to supervise the model.,"Contact mode support, embodiment limits, and deployment perturbations.","Branch collapse, hidden-mode shift, and tail-risk planning failures.",Generic world models and generic uncertainty are crowded.,Tactile language grounding debt keeps action-critical alternatives explicit until a physical observation collapses them.
28,arxiv:2601.15197v7,LangForce: Bayesian Decomposition of Vision Language Action Models via Latent Action Queries,2026,arXiv,http://arxiv.org/abs/2601.15197v7,Addresses tactile-language-action models or a neighboring robotics mechanism.,"Prior work usually predicts, ranks, filters, or imitates observed behavior rather than preserving unrealized branches.",The observed outcome is enough to supervise the model.,"Contact mode support, embodiment limits, and deployment perturbations.","Branch collapse, hidden-mode shift, and tail-risk planning failures.",Generic world models and generic uncertainty are crowded.,Tactile language grounding debt keeps action-critical alternatives explicit until a physical observation collapses them.
29,doi:10.1109/wacv61041.2025.00782,Learning Visual Grounding from Generative Vision and Language Model,2025,2025 IEEE/CVF Winter Conference on Applications of Computer Vision (WACV),https://doi.org/10.1109/wacv61041.2025.00782,Addresses tactile-language-action models or a neighboring robotics mechanism.,"Prior work usually predicts, ranks, filters, or imitates observed behavior rather than preserving unrealized branches.",The observed outcome is enough to supervise the model.,"Contact mode support, embodiment limits, and deployment perturbations.","Branch collapse, hidden-mode shift, and tail-risk planning failures.",Generic world models and generic uncertainty are crowded.,Tactile language grounding debt keeps action-critical alternatives explicit until a physical observation collapses them.
30,arxiv:2512.02161v1,FineGRAIN: Evaluating Failure Modes of Text-to-Image Models with Vision Language Model Judges,2025,arXiv,http://arxiv.org/abs/2512.02161v1,Addresses tactile-language-action models or a neighboring robotics mechanism.,"Prior work usually predicts, ranks, filters, or imitates observed behavior rather than preserving unrealized branches.",The observed outcome is enough to supervise the model.,"Contact mode support, embodiment limits, and deployment perturbations.","Branch collapse, hidden-mode shift, and tail-risk planning failures.",Generic world models and generic uncertainty are crowded.,Tactile language grounding debt keeps action-critical alternatives explicit until a physical observation collapses them.
31,doi:10.1109/cvpr52734.2025.00872,Your Large Vision-Language Model Only Needs A Few Attention Heads For Visual Grounding,2025,2025 IEEE/CVF Conference on Computer Vision and Pattern Recognition (CVPR),https://doi.org/10.1109/cvpr52734.2025.00872,Addresses tactile-language-action models or a neighboring robotics mechanism.,"Prior work usually predicts, ranks, filters, or imitates observed behavior rather than preserving unrealized branches.",The observed outcome is enough to supervise the model.,"Contact mode support, embodiment limits, and deployment perturbations.","Branch collapse, hidden-mode shift, and tail-risk planning failures.",Generic world models and generic uncertainty are crowded.,Tactile language grounding debt keeps action-critical alternatives explicit until a physical observation collapses them.
32,doi:10.1109/cvpr52734.2025.01356,What’s in the Imageƒ A Deep-Dive into the Vision of Vision Language Models,2025,2025 IEEE/CVF Conference on Computer Vision and Pattern Recognition (CVPR),https://doi.org/10.1109/cvpr52734.2025.01356,Addresses tactile-language-action models or a neighboring robotics mechanism.,"Prior work usually predicts, ranks, filters, or imitates observed behavior rather than preserving unrealized branches.",The observed outcome is enough to supervise the model.,"Contact mode support, embodiment limits, and deployment perturbations.","Branch collapse, hidden-mode shift, and tail-risk planning failures.",Generic world models and generic uncertainty are crowded.,Tactile language grounding debt keeps action-critical alternatives explicit until a physical observation collapses them.
33,arxiv:2411.19103v1,VARCO-VISION: Expanding Frontiers in Korean Vision-Language Models,2024,arXiv,http://arxiv.org/abs/2411.19103v1,Addresses tactile-language-action models or a neighboring robotics mechanism.,"Prior work usually predicts, ranks, filters, or imitates observed behavior rather than preserving unrealized branches.",The observed outcome is enough to supervise the model.,"Contact mode support, embodiment limits, and deployment perturbations.","Branch collapse, hidden-mode shift, and tail-risk planning failures.",Generic world models and generic uncertainty are crowded.,Tactile language grounding debt keeps action-critical alternatives explicit until a physical observation collapses them.
34,doi:10.1145/3701716.3717565,CubeRobot: Grounding Language in Rubik's Cube Manipulation via Vision-Language Model,2025,Companion Proceedings of the ACM on Web Conference 2025,https://doi.org/10.1145/3701716.3717565,Addresses tactile-language-action models or a neighboring robotics mechanism.,"Prior work usually predicts, ranks, filters, or imitates observed behavior rather than preserving unrealized branches.",The observed outcome is enough to supervise the model.,"Contact mode support, embodiment limits, and deployment perturbations.","Branch collapse, hidden-mode shift, and tail-risk planning failures.",Generic world models and generic uncertainty are crowded.,Tactile language grounding debt keeps action-critical alternatives explicit until a physical observation collapses them.
35,doi:10.18653/v1/2025.naacl-long.89,VividMed: Vision Language Model with Versatile Visual Grounding for Medicine,2025,Proceedings of the 2025 Conference of the Nations of the Americas Chapter of the Association for Computational Linguistics: Human Language Technologies (Volume 1: Long Papers),https://doi.org/10.18653/v1/2025.naacl-long.89,Addresses tactile-language-action models or a neighboring robotics mechanism.,"Prior work usually predicts, ranks, filters, or imitates observed behavior rather than preserving unrealized branches.",The observed outcome is enough to supervise the model.,"Contact mode support, embodiment limits, and deployment perturbations.","Branch collapse, hidden-mode shift, and tail-risk planning failures.",Generic world models and generic uncertainty are crowded.,Tactile language grounding debt keeps action-critical alternatives explicit until a physical observation collapses them.
36,doi:10.36227/techrxiv.175021940.06537275/v1,Large Language Model Evaluation in 2025: Smarter Metrics That Separate Hype from Trust,,,https://doi.org/10.36227/techrxiv.175021940.06537275/v1,Addresses tactile-language-action models or a neighboring robotics mechanism.,"Prior work usually predicts, ranks, filters, or imitates observed behavior rather than preserving unrealized branches.",The observed outcome is enough to supervise the model.,"Contact mode support, embodiment limits, and deployment perturbations.","Branch collapse, hidden-mode shift, and tail-risk planning failures.",Generic world models and generic uncertainty are crowded.,Tactile language grounding debt keeps action-critical alternatives explicit until a physical observation collapses them.
37,doi:10.1109/icra57147.2024.10611232,Grounding Conversational Robots on Vision Through Dense Captioning and Large Language Models,2024,2024 IEEE International Conference on Robotics and Automation (ICRA),https://doi.org/10.1109/icra57147.2024.10611232,Addresses tactile-language-action models or a neighboring robotics mechanism.,"Prior work usually predicts, ranks, filters, or imitates observed behavior rather than preserving unrealized branches.",The observed outcome is enough to supervise the model.,"Contact mode support, embodiment limits, and deployment perturbations.","Branch collapse, hidden-mode shift, and tail-risk planning failures.",Generic world models and generic uncertainty are crowded.,Tactile language grounding debt keeps action-critical alternatives explicit until a physical observation collapses them.
38,arxiv:2510.24055v1,Language-Conditioned Representations and Mixture-of-Experts Policy for Robust Multi-Task Robotic Manipulation,2025,arXiv,http://arxiv.org/abs/2510.24055v1,Addresses tactile-language-action models or a neighboring robotics mechanism.,"Prior work usually predicts, ranks, filters, or imitates observed behavior rather than preserving unrealized branches.",The observed outcome is enough to supervise the model.,"Contact mode support, embodiment limits, and deployment perturbations.","Branch collapse, hidden-mode shift, and tail-risk planning failures.",Generic world models and generic uncertainty are crowded.,Tactile language grounding debt keeps action-critical alternatives explicit until a physical observation collapses them.
39,doi:10.1109/icra55743.2025.11127275,Ground-Level Viewpoint Vision-and-Language Navigation in Continuous Environments,2025,2025 IEEE International Conference on Robotics and Automation (ICRA),https://doi.org/10.1109/icra55743.2025.11127275,Addresses tactile-language-action models or a neighboring robotics mechanism.,"Prior work usually predicts, ranks, filters, or imitates observed behavior rather than preserving unrealized branches.",The observed outcome is enough to supervise the model.,"Contact mode support, embodiment limits, and deployment perturbations.","Branch collapse, hidden-mode shift, and tail-risk planning failures.",Generic world models and generic uncertainty are crowded.,Tactile language grounding debt keeps action-critical alternatives explicit until a physical observation collapses them.
40,doi:10.18653/v1/2025.findings-acl.501,R-VLM: Region-Aware Vision Language Model for Precise GUI Grounding,2025,Findings of the Association for Computational Linguistics: ACL 2025,https://doi.org/10.18653/v1/2025.findings-acl.501,Addresses tactile-language-action models or a neighboring robotics mechanism.,"Prior work usually predicts, ranks, filters, or imitates observed behavior rather than preserving unrealized branches.",The observed outcome is enough to supervise the model.,"Contact mode support, embodiment limits, and deployment perturbations.","Branch collapse, hidden-mode shift, and tail-risk planning failures.",Generic world models and generic uncertainty are crowded.,Tactile language grounding debt keeps action-critical alternatives explicit until a physical observation collapses them.
41,arxiv:2307.06135v2,SayPlan: Grounding Large Language Models using 3D Scene Graphs for Scalable Robot Task Planning,2023,arXiv,http://arxiv.org/abs/2307.06135v2,Addresses tactile-language-action models or a neighboring robotics mechanism.,"Prior work usually predicts, ranks, filters, or imitates observed behavior rather than preserving unrealized branches.",The observed outcome is enough to supervise the model.,"Contact mode support, embodiment limits, and deployment perturbations.","Branch collapse, hidden-mode shift, and tail-risk planning failures.",Generic world models and generic uncertainty are crowded.,Tactile language grounding debt keeps action-critical alternatives explicit until a physical observation collapses them.
42,doi:10.1109/lra.2024.3491428,DLO Perceiver: Grounding Large Language Model for Deformable Linear Objects Perception,2024,IEEE Robotics and Automation Letters,https://doi.org/10.1109/lra.2024.3491428,Addresses tactile-language-action models or a neighboring robotics mechanism.,"Prior work usually predicts, ranks, filters, or imitates observed behavior rather than preserving unrealized branches.",The observed outcome is enough to supervise the model.,"Contact mode support, embodiment limits, and deployment perturbations.","Branch collapse, hidden-mode shift, and tail-risk planning failures.",Generic world models and generic uncertainty are crowded.,Tactile language grounding debt keeps action-critical alternatives explicit until a physical observation collapses them.
43,doi:10.1109/iccvw60793.2023.00037,ClipCrop: Conditioned Cropping Driven by Vision-Language Model,2023,2023 IEEE/CVF International Conference on Computer Vision Workshops (ICCVW),https://doi.org/10.1109/iccvw60793.2023.00037,Addresses tactile-language-action models or a neighboring robotics mechanism.,"Prior work usually predicts, ranks, filters, or imitates observed behavior rather than preserving unrealized branches.",The observed outcome is enough to supervise the model.,"Contact mode support, embodiment limits, and deployment perturbations.","Branch collapse, hidden-mode shift, and tail-risk planning failures.",Generic world models and generic uncertainty are crowded.,Tactile language grounding debt keeps action-critical alternatives explicit until a physical observation collapses them.
44,doi:10.1016/j.rcim.2025.103152,VTLG: A vision-tactile-language grasp generation method oriented towards task,2026,Robotics and Computer-Integrated Manufacturing,https://doi.org/10.1016/j.rcim.2025.103152,Addresses tactile-language-action models or a neighboring robotics mechanism.,"Prior work usually predicts, ranks, filters, or imitates observed behavior rather than preserving unrealized branches.",The observed outcome is enough to supervise the model.,"Contact mode support, embodiment limits, and deployment perturbations.","Branch collapse, hidden-mode shift, and tail-risk planning failures.",Generic world models and generic uncertainty are crowded.,Tactile language grounding debt keeps action-critical alternatives explicit until a physical observation collapses them.
45,doi:10.1109/iccv51701.2025.02471,LangTraj: Diffusion Model and Dataset for Language-Conditioned Trajectory Simulation,2025,2025 IEEE/CVF International Conference on Computer Vision (ICCV),https://doi.org/10.1109/iccv51701.2025.02471,Addresses tactile-language-action models or a neighboring robotics mechanism.,"Prior work usually predicts, ranks, filters, or imitates observed behavior rather than preserving unrealized branches.",The observed outcome is enough to supervise the model.,"Contact mode support, embodiment limits, and deployment perturbations.","Branch collapse, hidden-mode shift, and tail-risk planning failures.",Generic world models and generic uncertainty are crowded.,Tactile language grounding debt keeps action-critical alternatives explicit until a physical observation collapses them.
46,doi:10.1145/3746027.3755299,A Satellite-Ground Synergistic Large Vision-Language Model System for Earth Observation,2025,Proceedings of the 33rd ACM International Conference on Multimedia,https://doi.org/10.1145/3746027.3755299,Addresses tactile-language-action models or a neighboring robotics mechanism.,"Prior work usually predicts, ranks, filters, or imitates observed behavior rather than preserving unrealized branches.",The observed outcome is enough to supervise the model.,"Contact mode support, embodiment limits, and deployment perturbations.","Branch collapse, hidden-mode shift, and tail-risk planning failures.",Generic world models and generic uncertainty are crowded.,Tactile language grounding debt keeps action-critical alternatives explicit until a physical observation collapses them.
47,doi:10.3390/drones9120875,From Prompts to Paths: Large Language Models for Zero-Shot Planning in Unmanned Ground Vehicle Simulation,2025,Drones,https://doi.org/10.3390/drones9120875,Addresses tactile-language-action models or a neighboring robotics mechanism.,"Prior work usually predicts, ranks, filters, or imitates observed behavior rather than preserving unrealized branches.",The observed outcome is enough to supervise the model.,"Contact mode support, embodiment limits, and deployment perturbations.","Branch collapse, hidden-mode shift, and tail-risk planning failures.",Generic world models and generic uncertainty are crowded.,Tactile language grounding debt keeps action-critical alternatives explicit until a physical observation collapses them.
48,doi:10.1109/robot.2009.5152776,What to do and how to do it: Translating natural language directives into temporal and dynamic logic representation for goal management and action execution,2009,2009 IEEE International Conference on Robotics and Automation,https://doi.org/10.1109/robot.2009.5152776,Addresses tactile-language-action models or a neighboring robotics mechanism.,"Prior work usually predicts, ranks, filters, or imitates observed behavior rather than preserving unrealized branches.",The observed outcome is enough to supervise the model.,"Contact mode support, embodiment limits, and deployment perturbations.","Branch collapse, hidden-mode shift, and tail-risk planning failures.",Generic world models and generic uncertainty are crowded.,Tactile language grounding debt keeps action-critical alternatives explicit until a physical observation collapses them.
49,arxiv:2511.22904v1,Language-conditioned world model improves policy generalization by reading environmental descriptions,2025,arXiv,http://arxiv.org/abs/2511.22904v1,Addresses tactile-language-action models or a neighboring robotics mechanism.,"Prior work usually predicts, ranks, filters, or imitates observed behavior rather than preserving unrealized branches.",The observed outcome is enough to supervise the model.,"Contact mode support, embodiment limits, and deployment perturbations.","Branch collapse, hidden-mode shift, and tail-risk planning failures.",Generic world models and generic uncertainty are crowded.,Tactile language grounding debt keeps action-critical alternatives explicit until a physical observation collapses them.
50,arxiv:2603.15265v1,MoE-ACT: Scaling Multi-Task Bimanual Manipulation with Sparse Language-Conditioned Mixture-of-Experts Transformers,2026,arXiv,http://arxiv.org/abs/2603.15265v1,Addresses tactile-language-action models or a neighboring robotics mechanism.,"Prior work usually predicts, ranks, filters, or imitates observed behavior rather than preserving unrealized branches.",The observed outcome is enough to supervise the model.,"Contact mode support, embodiment limits, and deployment perturbations.","Branch collapse, hidden-mode shift, and tail-risk planning failures.",Generic world models and generic uncertainty are crowded.,Tactile language grounding debt keeps action-critical alternatives explicit until a physical observation collapses them.
51,doi:10.1016/j.tics.2023.08.006,What are large language models supposed to model?,2023,Trends in Cognitive Sciences,https://doi.org/10.1016/j.tics.2023.08.006,Addresses tactile-language-action models or a neighboring robotics mechanism.,"Prior work usually predicts, ranks, filters, or imitates observed behavior rather than preserving unrealized branches.",The observed outcome is enough to supervise the model.,"Contact mode support, embodiment limits, and deployment perturbations.","Branch collapse, hidden-mode shift, and tail-risk planning failures.",Generic world models and generic uncertainty are crowded.,Tactile language grounding debt keeps action-critical alternatives explicit until a physical observation collapses them.
52,doi:10.1109/iros58592.2024.10801766,Visuo-Tactile Zero-Shot Object Recognition with Vision-Language Model,2024,2024 IEEE/RSJ International Conference on Intelligent Robots and Systems (IROS),https://doi.org/10.1109/iros58592.2024.10801766,Addresses tactile-language-action models or a neighboring robotics mechanism.,"Prior work usually predicts, ranks, filters, or imitates observed behavior rather than preserving unrealized branches.",The observed outcome is enough to supervise the model.,"Contact mode support, embodiment limits, and deployment perturbations.","Branch collapse, hidden-mode shift, and tail-risk planning failures.",Generic world models and generic uncertainty are crowded.,Tactile language grounding debt keeps action-critical alternatives explicit until a physical observation collapses them.
53,doi:10.30687/979-12-5742-007-9/008,Depiction Beyond Hand Touch in an Interpreter-Mediated Setting Using Tactile Norwegian Sign Language,2026,The Integration of Social-Haptic Communication in Deafblind Interpreting and Educational Settings,https://doi.org/10.30687/979-12-5742-007-9/008,Addresses tactile-language-action models or a neighboring robotics mechanism.,"Prior work usually predicts, ranks, filters, or imitates observed behavior rather than preserving unrealized branches.",The observed outcome is enough to supervise the model.,"Contact mode support, embodiment limits, and deployment perturbations.","Branch collapse, hidden-mode shift, and tail-risk planning failures.",Generic world models and generic uncertainty are crowded.,Tactile language grounding debt keeps action-critical alternatives explicit until a physical observation collapses them.
54,doi:10.1108/ecam-07-2025-1133,Vision language model (VLM)-enabled street view analytics: a systematic literature review,2025,"Engineering, Construction and Architectural Management",https://doi.org/10.1108/ecam-07-2025-1133,Addresses tactile-language-action models or a neighboring robotics mechanism.,"Prior work usually predicts, ranks, filters, or imitates observed behavior rather than preserving unrealized branches.",The observed outcome is enough to supervise the model.,"Contact mode support, embodiment limits, and deployment perturbations.","Branch collapse, hidden-mode shift, and tail-risk planning failures.",Generic world models and generic uncertainty are crowded.,Tactile language grounding debt keeps action-critical alternatives explicit until a physical observation collapses them.
55,doi:10.32388/vlxb6m,LLaVA-MR: Large Language-and-Vision Assistant for Video Moment Retrieval,,,https://doi.org/10.32388/vlxb6m,Addresses tactile-language-action models or a neighboring robotics mechanism.,"Prior work usually predicts, ranks, filters, or imitates observed behavior rather than preserving unrealized branches.",The observed outcome is enough to supervise the model.,"Contact mode support, embodiment limits, and deployment perturbations.","Branch collapse, hidden-mode shift, and tail-risk planning failures.",Generic world models and generic uncertainty are crowded.,Tactile language grounding debt keeps action-critical alternatives explicit until a physical observation collapses them.
56,doi:10.15607/rss.2025.xxi.058,Demonstrating the Octopi-1.5 Visual-Tactile-Language Model,2025,Robotics: Science and Systems XXI,https://doi.org/10.15607/rss.2025.xxi.058,Addresses tactile-language-action models or a neighboring robotics mechanism.,"Prior work usually predicts, ranks, filters, or imitates observed behavior rather than preserving unrealized branches.",The observed outcome is enough to supervise the model.,"Contact mode support, embodiment limits, and deployment perturbations.","Branch collapse, hidden-mode shift, and tail-risk planning failures.",Generic world models and generic uncertainty are crowded.,Tactile language grounding debt keeps action-critical alternatives explicit until a physical observation collapses them.
57,doi:10.1109/southeastcon63549.2026.11476074,From Language to Action: Small Language Model—Driven Humanoid Control with Visual Grounding Under the Model Context Protocol,2026,SoutheastCon 2026,https://doi.org/10.1109/southeastcon63549.2026.11476074,Addresses tactile-language-action models or a neighboring robotics mechanism.,"Prior work usually predicts, ranks, filters, or imitates observed behavior rather than preserving unrealized branches.",The observed outcome is enough to supervise the model.,"Contact mode support, embodiment limits, and deployment perturbations.","Branch collapse, hidden-mode shift, and tail-risk planning failures.",Generic world models and generic uncertainty are crowded.,Tactile language grounding debt keeps action-critical alternatives explicit until a physical observation collapses them.
58,doi:10.1109/wacv61042.2026.00368,Frequency Is What You Need: Considering Word Frequency When Text Masking Benefits Vision-Language Model Pre-training,2026,2026 IEEE/CVF Winter Conference on Applications of Computer Vision (WACV),https://doi.org/10.1109/wacv61042.2026.00368,Addresses tactile-language-action models or a neighboring robotics mechanism.,"Prior work usually predicts, ranks, filters, or imitates observed behavior rather than preserving unrealized branches.",The observed outcome is enough to supervise the model.,"Contact mode support, embodiment limits, and deployment perturbations.","Branch collapse, hidden-mode shift, and tail-risk planning failures.",Generic world models and generic uncertainty are crowded.,Tactile language grounding debt keeps action-critical alternatives explicit until a physical observation collapses them.
59,doi:10.1007/978-981-96-1614-5_11,Hierarchical Language-Conditioned Robot Learning with Vision-Language Models,2025,Communications in Computer and Information Science Intelligent Robotics,https://doi.org/10.1007/978-981-96-1614-5_11,Addresses tactile-language-action models or a neighboring robotics mechanism.,"Prior work usually predicts, ranks, filters, or imitates observed behavior rather than preserving unrealized branches.",The observed outcome is enough to supervise the model.,"Contact mode support, embodiment limits, and deployment perturbations.","Branch collapse, hidden-mode shift, and tail-risk planning failures.",Generic world models and generic uncertainty are crowded.,Tactile language grounding debt keeps action-critical alternatives explicit until a physical observation collapses them.
60,doi:10.18653/v1/2025.findings-emnlp.635,Do What? Teaching Vision-Language-Action Models to Reject the Impossible,2025,Findings of the Association for Computational Linguistics: EMNLP 2025,https://doi.org/10.18653/v1/2025.findings-emnlp.635,Addresses tactile-language-action models or a neighboring robotics mechanism.,"Prior work usually predicts, ranks, filters, or imitates observed behavior rather than preserving unrealized branches.",The observed outcome is enough to supervise the model.,"Contact mode support, embodiment limits, and deployment perturbations.","Branch collapse, hidden-mode shift, and tail-risk planning failures.",Generic world models and generic uncertainty are crowded.,Tactile language grounding debt keeps action-critical alternatives explicit until a physical observation collapses them.
61,doi:10.5040/9781350402201.0005,What Is Visual Language?,2026,Speaking in Pictures,https://doi.org/10.5040/9781350402201.0005,Addresses tactile-language-action models or a neighboring robotics mechanism.,"Prior work usually predicts, ranks, filters, or imitates observed behavior rather than preserving unrealized branches.",The observed outcome is enough to supervise the model.,"Contact mode support, embodiment limits, and deployment perturbations.","Branch collapse, hidden-mode shift, and tail-risk planning failures.",Generic world models and generic uncertainty are crowded.,Tactile language grounding debt keeps action-critical alternatives explicit until a physical observation collapses them.
62,doi:10.1016/j.imavis.2022.104451,Learning language to symbol and language to vision mapping for visual grounding,2022,Image and Vision Computing,https://doi.org/10.1016/j.imavis.2022.104451,Addresses tactile-language-action models or a neighboring robotics mechanism.,"Prior work usually predicts, ranks, filters, or imitates observed behavior rather than preserving unrealized branches.",The observed outcome is enough to supervise the model.,"Contact mode support, embodiment limits, and deployment perturbations.","Branch collapse, hidden-mode shift, and tail-risk planning failures.",Generic world models and generic uncertainty are crowded.,Tactile language grounding debt keeps action-critical alternatives explicit until a physical observation collapses them.
63,doi:10.3390/sym18030394,PI-VLA: Adaptive Symmetry-Aware Decision-Making for Long-Horizon Vision–Language–Action Manipulation,2026,Symmetry,https://doi.org/10.3390/sym18030394,Addresses tactile-language-action models or a neighboring robotics mechanism.,"Prior work usually predicts, ranks, filters, or imitates observed behavior rather than preserving unrealized branches.",The observed outcome is enough to supervise the model.,"Contact mode support, embodiment limits, and deployment perturbations.","Branch collapse, hidden-mode shift, and tail-risk planning failures.",Generic world models and generic uncertainty are crowded.,Tactile language grounding debt keeps action-critical alternatives explicit until a physical observation collapses them.
64,doi:10.48550/arxiv.2211.09110,Holistic Evaluation of Language Models,2022,arXiv (Cornell University),https://doi.org/10.48550/arxiv.2211.09110,Addresses tactile-language-action models or a neighboring robotics mechanism.,"Prior work usually predicts, ranks, filters, or imitates observed behavior rather than preserving unrealized branches.",The observed outcome is enough to supervise the model.,"Contact mode support, embodiment limits, and deployment perturbations.","Branch collapse, hidden-mode shift, and tail-risk planning failures.",Generic world models and generic uncertainty are crowded.,Tactile language grounding debt keeps action-critical alternatives explicit until a physical observation collapses them.
65,doi:10.2139/ssrn.4493398,Playing Games With GPT: What Can We Learn About a Large Language Model From Canonical Strategic Games?,2023,SSRN Electronic Journal,https://doi.org/10.2139/ssrn.4493398,Addresses tactile-language-action models or a neighboring robotics mechanism.,"Prior work usually predicts, ranks, filters, or imitates observed behavior rather than preserving unrealized branches.",The observed outcome is enough to supervise the model.,"Contact mode support, embodiment limits, and deployment perturbations.","Branch collapse, hidden-mode shift, and tail-risk planning failures.",Generic world models and generic uncertainty are crowded.,Tactile language grounding debt keeps action-critical alternatives explicit until a physical observation collapses them.
66,doi:10.1109/icra57147.2024.10611090,GG-LLM: Geometrically Grounding Large Language Models for Zero-shot Human Activity Forecasting in Human-Aware Task Planning,2024,2024 IEEE International Conference on Robotics and Automation (ICRA),https://doi.org/10.1109/icra57147.2024.10611090,Addresses tactile-language-action models or a neighboring robotics mechanism.,"Prior work usually predicts, ranks, filters, or imitates observed behavior rather than preserving unrealized branches.",The observed outcome is enough to supervise the model.,"Contact mode support, embodiment limits, and deployment perturbations.","Branch collapse, hidden-mode shift, and tail-risk planning failures.",Generic world models and generic uncertainty are crowded.,Tactile language grounding debt keeps action-critical alternatives explicit until a physical observation collapses them.
67,arxiv:2411.19650v1,CogACT: A Foundational Vision-Language-Action Model for Synergizing Cognition and Action in Robotic Manipulation,2024,arXiv,http://arxiv.org/abs/2411.19650v1,Addresses tactile-language-action models or a neighboring robotics mechanism.,"Prior work usually predicts, ranks, filters, or imitates observed behavior rather than preserving unrealized branches.",The observed outcome is enough to supervise the model.,"Contact mode support, embodiment limits, and deployment perturbations.","Branch collapse, hidden-mode shift, and tail-risk planning failures.",Generic world models and generic uncertainty are crowded.,Tactile language grounding debt keeps action-critical alternatives explicit until a physical observation collapses them.
68,doi:10.1007/bf02481160,What is the best programming environment/language for teaching robotics using Lego Mindstorms?,2003,Artificial Life and Robotics,https://doi.org/10.1007/bf02481160,Addresses tactile-language-action models or a neighboring robotics mechanism.,"Prior work usually predicts, ranks, filters, or imitates observed behavior rather than preserving unrealized branches.",The observed outcome is enough to supervise the model.,"Contact mode support, embodiment limits, and deployment perturbations.","Branch collapse, hidden-mode shift, and tail-risk planning failures.",Generic world models and generic uncertainty are crowded.,Tactile language grounding debt keeps action-critical alternatives explicit until a physical observation collapses them.
69,doi:10.1145/3610978.3640752,What Should a Robot Do? Comparing Human and Large Language Model Recommendations for Robot Deception,2024,Companion of the 2024 ACM/IEEE International Conference on Human-Robot Interaction,https://doi.org/10.1145/3610978.3640752,Addresses tactile-language-action models or a neighboring robotics mechanism.,"Prior work usually predicts, ranks, filters, or imitates observed behavior rather than preserving unrealized branches.",The observed outcome is enough to supervise the model.,"Contact mode support, embodiment limits, and deployment perturbations.","Branch collapse, hidden-mode shift, and tail-risk planning failures.",Generic world models and generic uncertainty are crowded.,Tactile language grounding debt keeps action-critical alternatives explicit until a physical observation collapses them.
70,doi:10.1002/rob.21512,A Self‐learning Framework for Statistical Ground Classification using Radar and Monocular Vision,2015,Journal of Field Robotics,https://doi.org/10.1002/rob.21512,Addresses tactile-language-action models or a neighboring robotics mechanism.,"Prior work usually predicts, ranks, filters, or imitates observed behavior rather than preserving unrealized branches.",The observed outcome is enough to supervise the model.,"Contact mode support, embodiment limits, and deployment perturbations.","Branch collapse, hidden-mode shift, and tail-risk planning failures.",Generic world models and generic uncertainty are crowded.,Tactile language grounding debt keeps action-critical alternatives explicit until a physical observation collapses them.
71,arxiv:2512.01946v3,Scaling Cross-Environment Failure Reasoning Data for Vision-Language Robotic Manipulation,2025,arXiv,http://arxiv.org/abs/2512.01946v3,Addresses tactile-language-action models or a neighboring robotics mechanism.,"Prior work usually predicts, ranks, filters, or imitates observed behavior rather than preserving unrealized branches.",The observed outcome is enough to supervise the model.,"Contact mode support, embodiment limits, and deployment perturbations.","Branch collapse, hidden-mode shift, and tail-risk planning failures.",Generic world models and generic uncertainty are crowded.,Tactile language grounding debt keeps action-critical alternatives explicit until a physical observation collapses them.
72,arxiv:2502.19645v2,Fine-Tuning Vision-Language-Action Models: Optimizing Speed and Success,2025,arXiv,http://arxiv.org/abs/2502.19645v2,Addresses tactile-language-action models or a neighboring robotics mechanism.,"Prior work usually predicts, ranks, filters, or imitates observed behavior rather than preserving unrealized branches.",The observed outcome is enough to supervise the model.,"Contact mode support, embodiment limits, and deployment perturbations.","Branch collapse, hidden-mode shift, and tail-risk planning failures.",Generic world models and generic uncertainty are crowded.,Tactile language grounding debt keeps action-critical alternatives explicit until a physical observation collapses them.
73,arxiv:2506.20566v1,HRIBench: Benchmarking Vision-Language Models for Real-Time Human Perception in Human-Robot Interaction,2025,arXiv,http://arxiv.org/abs/2506.20566v1,Addresses tactile-language-action models or a neighboring robotics mechanism.,"Prior work usually predicts, ranks, filters, or imitates observed behavior rather than preserving unrealized branches.",The observed outcome is enough to supervise the model.,"Contact mode support, embodiment limits, and deployment perturbations.","Branch collapse, hidden-mode shift, and tail-risk planning failures.",Generic world models and generic uncertainty are crowded.,Tactile language grounding debt keeps action-critical alternatives explicit until a physical observation collapses them.
74,doi:10.1093/bib/bbad535,ChIP-GPT: a managed large language model for robust data extraction from biomedical database records,2024,Briefings in Bioinformatics,https://doi.org/10.1093/bib/bbad535,Addresses tactile-language-action models or a neighboring robotics mechanism.,"Prior work usually predicts, ranks, filters, or imitates observed behavior rather than preserving unrealized branches.",The observed outcome is enough to supervise the model.,"Contact mode support, embodiment limits, and deployment perturbations.","Branch collapse, hidden-mode shift, and tail-risk planning failures.",Generic world models and generic uncertainty are crowded.,Tactile language grounding debt keeps action-critical alternatives explicit until a physical observation collapses them.
75,doi:10.1609/aaai.v40i8.37544,ReCAD: Reinforcement Learning Enhanced Parametric CAD Model Generation with Vision-Language Models,2026,Proceedings of the AAAI Conference on Artificial Intelligence,https://doi.org/10.1609/aaai.v40i8.37544,Addresses tactile-language-action models or a neighboring robotics mechanism.,"Prior work usually predicts, ranks, filters, or imitates observed behavior rather than preserving unrealized branches.",The observed outcome is enough to supervise the model.,"Contact mode support, embodiment limits, and deployment perturbations.","Branch collapse, hidden-mode shift, and tail-risk planning failures.",Generic world models and generic uncertainty are crowded.,Tactile language grounding debt keeps action-critical alternatives explicit until a physical observation collapses them.
76,doi:10.54254/2755-2721/2025.ast27134,Integrating Motion Planning in Vision Language Action Agents,2025,Applied and Computational Engineering,https://doi.org/10.54254/2755-2721/2025.ast27134,Addresses tactile-language-action models or a neighboring robotics mechanism.,"Prior work usually predicts, ranks, filters, or imitates observed behavior rather than preserving unrealized branches.",The observed outcome is enough to supervise the model.,"Contact mode support, embodiment limits, and deployment perturbations.","Branch collapse, hidden-mode shift, and tail-risk planning failures.",Generic world models and generic uncertainty are crowded.,Tactile language grounding debt keeps action-critical alternatives explicit until a physical observation collapses them.
77,doi:10.66967/jaics.2026.v2i103,Multimodal AI: PaLM-E’s Role in Vision–Language–Robotics & the Future of Efficient Fine-Tuning,2026,Journal of Artificial Intelligence & Control Systems,https://doi.org/10.66967/jaics.2026.v2i103,Addresses tactile-language-action models or a neighboring robotics mechanism.,"Prior work usually predicts, ranks, filters, or imitates observed behavior rather than preserving unrealized branches.",The observed outcome is enough to supervise the model.,"Contact mode support, embodiment limits, and deployment perturbations.","Branch collapse, hidden-mode shift, and tail-risk planning failures.",Generic world models and generic uncertainty are crowded.,Tactile language grounding debt keeps action-critical alternatives explicit until a physical observation collapses them.
78,doi:10.3390/s26103140,Uncertainty-Calibrated Safety Gating for Vision–Language– Action Manipulation Under Domain Shift: Reliability Gains and Intervention–Efficiency Trade-Offs,2026,Sensors,https://doi.org/10.3390/s26103140,Addresses tactile-language-action models or a neighboring robotics mechanism.,"Prior work usually predicts, ranks, filters, or imitates observed behavior rather than preserving unrealized branches.",The observed outcome is enough to supervise the model.,"Contact mode support, embodiment limits, and deployment perturbations.","Branch collapse, hidden-mode shift, and tail-risk planning failures.",Generic world models and generic uncertainty are crowded.,Tactile language grounding debt keeps action-critical alternatives explicit until a physical observation collapses them.
79,doi:10.1109/lra.2026.3692345,VLA-Touch: Enhancing Vision-Language-Action Model With Dual-Level Tactile Feedback,2026,IEEE Robotics and Automation Letters,https://doi.org/10.1109/lra.2026.3692345,Addresses tactile-language-action models or a neighboring robotics mechanism.,"Prior work usually predicts, ranks, filters, or imitates observed behavior rather than preserving unrealized branches.",The observed outcome is enough to supervise the model.,"Contact mode support, embodiment limits, and deployment perturbations.","Branch collapse, hidden-mode shift, and tail-risk planning failures.",Generic world models and generic uncertainty are crowded.,Tactile language grounding debt keeps action-critical alternatives explicit until a physical observation collapses them.
80,doi:10.5715/jnlp.27.963,"Robotics, Grounding and Natural Language Processing",2020,Journal of Natural Language Processing,https://doi.org/10.5715/jnlp.27.963,Addresses tactile-language-action models or a neighboring robotics mechanism.,"Prior work usually predicts, ranks, filters, or imitates observed behavior rather than preserving unrealized branches.",The observed outcome is enough to supervise the model.,"Contact mode support, embodiment limits, and deployment perturbations.","Branch collapse, hidden-mode shift, and tail-risk planning failures.",Generic world models and generic uncertainty are crowded.,Tactile language grounding debt keeps action-critical alternatives explicit until a physical observation collapses them.
81,doi:10.32388/2q3k8u,Balancing Safety and Educational Availability in a Large Language Model-Based Virtual Patient for Medical Interview Training: Robustness Evaluation Under Direct and Indirect Instructional Contamination,,,https://doi.org/10.32388/2q3k8u,Addresses tactile-language-action models or a neighboring robotics mechanism.,"Prior work usually predicts, ranks, filters, or imitates observed behavior rather than preserving unrealized branches.",The observed outcome is enough to supervise the model.,"Contact mode support, embodiment limits, and deployment perturbations.","Branch collapse, hidden-mode shift, and tail-risk planning failures.",Generic world models and generic uncertainty are crowded.,Tactile language grounding debt keeps action-critical alternatives explicit until a physical observation collapses them.
82,arxiv:2511.14659v1,NORA-1.5: A Vision-Language-Action Model Trained using World Model- and Action-based Preference Rewards,2025,arXiv,http://arxiv.org/abs/2511.14659v1,Addresses tactile-language-action models or a neighboring robotics mechanism.,"Prior work usually predicts, ranks, filters, or imitates observed behavior rather than preserving unrealized branches.",The observed outcome is enough to supervise the model.,"Contact mode support, embodiment limits, and deployment perturbations.","Branch collapse, hidden-mode shift, and tail-risk planning failures.",Generic world models and generic uncertainty are crowded.,Tactile language grounding debt keeps action-critical alternatives explicit until a physical observation collapses them.
83,doi:10.1017/cbo9780511499968.001,"Introduction to Grounding Cognition: The Role of Perception and Action in Memory, Language, and Thinking",2005,Grounding Cognition,https://doi.org/10.1017/cbo9780511499968.001,Addresses tactile-language-action models or a neighboring robotics mechanism.,"Prior work usually predicts, ranks, filters, or imitates observed behavior rather than preserving unrealized branches.",The observed outcome is enough to supervise the model.,"Contact mode support, embodiment limits, and deployment perturbations.","Branch collapse, hidden-mode shift, and tail-risk planning failures.",Generic world models and generic uncertainty are crowded.,Tactile language grounding debt keeps action-critical alternatives explicit until a physical observation collapses them.
84,doi:10.1142/9789812701886_0004,GROUNDING LANGUAGE IN PERCEPTION: A CONNECTIONIST MODEL OF SPATIAL TERMS AND VAGUE QUANTIFIERS,2005,"Modeling Language, Cognition and Action",https://doi.org/10.1142/9789812701886_0004,Addresses tactile-language-action models or a neighboring robotics mechanism.,"Prior work usually predicts, ranks, filters, or imitates observed behavior rather than preserving unrealized branches.",The observed outcome is enough to supervise the model.,"Contact mode support, embodiment limits, and deployment perturbations.","Branch collapse, hidden-mode shift, and tail-risk planning failures.",Generic world models and generic uncertainty are crowded.,Tactile language grounding debt keeps action-critical alternatives explicit until a physical observation collapses them.
85,doi:10.1007/s11227-025-07159-0,Enhancing video temporal grounding with large language model-based data augmentation,2025,The Journal of Supercomputing,https://doi.org/10.1007/s11227-025-07159-0,Addresses tactile-language-action models or a neighboring robotics mechanism.,"Prior work usually predicts, ranks, filters, or imitates observed behavior rather than preserving unrealized branches.",The observed outcome is enough to supervise the model.,"Contact mode support, embodiment limits, and deployment perturbations.","Branch collapse, hidden-mode shift, and tail-risk planning failures.",Generic world models and generic uncertainty are crowded.,Tactile language grounding debt keeps action-critical alternatives explicit until a physical observation collapses them.
86,doi:10.1177/02783649231196925,Tac2Pose: Tactile object pose estimation from the first touch,2023,The International Journal of Robotics Research,https://doi.org/10.1177/02783649231196925,Addresses tactile-language-action models or a neighboring robotics mechanism.,"Prior work usually predicts, ranks, filters, or imitates observed behavior rather than preserving unrealized branches.",The observed outcome is enough to supervise the model.,"Contact mode support, embodiment limits, and deployment perturbations.","Branch collapse, hidden-mode shift, and tail-risk planning failures.",Generic world models and generic uncertainty are crowded.,Tactile language grounding debt keeps action-critical alternatives explicit until a physical observation collapses them.
87,doi:10.1016/j.langsci.2015.08.003,"Action, culture and metaphor: finding common ground in research on public language use",2016,Language Sciences,https://doi.org/10.1016/j.langsci.2015.08.003,Addresses tactile-language-action models or a neighboring robotics mechanism.,"Prior work usually predicts, ranks, filters, or imitates observed behavior rather than preserving unrealized branches.",The observed outcome is enough to supervise the model.,"Contact mode support, embodiment limits, and deployment perturbations.","Branch collapse, hidden-mode shift, and tail-risk planning failures.",Generic world models and generic uncertainty are crowded.,Tactile language grounding debt keeps action-critical alternatives explicit until a physical observation collapses them.
88,doi:10.1609/aaai.v40i22.38956,"Collaborative Representation Learning for Alignment of Tactile, Language, and Vision Modalities",2026,Proceedings of the AAAI Conference on Artificial Intelligence,https://doi.org/10.1609/aaai.v40i22.38956,Addresses tactile-language-action models or a neighboring robotics mechanism.,"Prior work usually predicts, ranks, filters, or imitates observed behavior rather than preserving unrealized branches.",The observed outcome is enough to supervise the model.,"Contact mode support, embodiment limits, and deployment perturbations.","Branch collapse, hidden-mode shift, and tail-risk planning failures.",Generic world models and generic uncertainty are crowded.,Tactile language grounding debt keeps action-critical alternatives explicit until a physical observation collapses them.
89,doi:10.1109/bibm58861.2023.10385329,Contextualized Large Language Model-Based Architecture for Outcome Measure Alignment in Clinical Trials,2023,2023 IEEE International Conference on Bioinformatics and Biomedicine (BIBM),https://doi.org/10.1109/bibm58861.2023.10385329,Addresses tactile-language-action models or a neighboring robotics mechanism.,"Prior work usually predicts, ranks, filters, or imitates observed behavior rather than preserving unrealized branches.",The observed outcome is enough to supervise the model.,"Contact mode support, embodiment limits, and deployment perturbations.","Branch collapse, hidden-mode shift, and tail-risk planning failures.",Generic world models and generic uncertainty are crowded.,Tactile language grounding debt keeps action-critical alternatives explicit until a physical observation collapses them.
90,doi:10.21203/rs.3.rs-7853870/v1,Light-MLLMAD: A Lightweight Multimodal Large Language Model for One-Shot Industrial Visual Anomaly Detection,,,https://doi.org/10.21203/rs.3.rs-7853870/v1,Addresses tactile-language-action models or a neighboring robotics mechanism.,"Prior work usually predicts, ranks, filters, or imitates observed behavior rather than preserving unrealized branches.",The observed outcome is enough to supervise the model.,"Contact mode support, embodiment limits, and deployment perturbations.","Branch collapse, hidden-mode shift, and tail-risk planning failures.",Generic world models and generic uncertainty are crowded.,Tactile language grounding debt keeps action-critical alternatives explicit until a physical observation collapses them.
91,doi:10.3390/info16110939,ZeroDay-LLM: A Large Language Model Framework for Zero-Day Threat Detection in Cybersecurity,2025,Information,https://doi.org/10.3390/info16110939,Addresses tactile-language-action models or a neighboring robotics mechanism.,"Prior work usually predicts, ranks, filters, or imitates observed behavior rather than preserving unrealized branches.",The observed outcome is enough to supervise the model.,"Contact mode support, embodiment limits, and deployment perturbations.","Branch collapse, hidden-mode shift, and tail-risk planning failures.",Generic world models and generic uncertainty are crowded.,Tactile language grounding debt keeps action-critical alternatives explicit until a physical observation collapses them.
92,doi:10.1007/979-8-8688-0540-0_2,What Are Large Language Models?,2024,Introduction to Python and Large Language Models,https://doi.org/10.1007/979-8-8688-0540-0_2,Addresses tactile-language-action models or a neighboring robotics mechanism.,"Prior work usually predicts, ranks, filters, or imitates observed behavior rather than preserving unrealized branches.",The observed outcome is enough to supervise the model.,"Contact mode support, embodiment limits, and deployment perturbations.","Branch collapse, hidden-mode shift, and tail-risk planning failures.",Generic world models and generic uncertainty are crowded.,Tactile language grounding debt keeps action-critical alternatives explicit until a physical observation collapses them.
93,doi:10.1093/jamia/ocae106,What can you do with a large language model?,2024,Journal of the American Medical Informatics Association,https://doi.org/10.1093/jamia/ocae106,Addresses tactile-language-action models or a neighboring robotics mechanism.,"Prior work usually predicts, ranks, filters, or imitates observed behavior rather than preserving unrealized branches.",The observed outcome is enough to supervise the model.,"Contact mode support, embodiment limits, and deployment perturbations.","Branch collapse, hidden-mode shift, and tail-risk planning failures.",Generic world models and generic uncertainty are crowded.,Tactile language grounding debt keeps action-critical alternatives explicit until a physical observation collapses them.
94,doi:10.1109/southeastcon56624.2025.10971571,Predicting Teamwork Performance Using a Large Language Model to Annotate Repair and Grounding Utterances in Task-Based Conversations,2025,SoutheastCon 2025,https://doi.org/10.1109/southeastcon56624.2025.10971571,Addresses tactile-language-action models or a neighboring robotics mechanism.,"Prior work usually predicts, ranks, filters, or imitates observed behavior rather than preserving unrealized branches.",The observed outcome is enough to supervise the model.,"Contact mode support, embodiment limits, and deployment perturbations.","Branch collapse, hidden-mode shift, and tail-risk planning failures.",Generic world models and generic uncertainty are crowded.,Tactile language grounding debt keeps action-critical alternatives explicit until a physical observation collapses them.
95,doi:10.1109/ms.2025.3621625,What Inputs Drive Effective Large Language Model-Based Unit Test Generation?,2026,IEEE Software,https://doi.org/10.1109/ms.2025.3621625,Addresses tactile-language-action models or a neighboring robotics mechanism.,"Prior work usually predicts, ranks, filters, or imitates observed behavior rather than preserving unrealized branches.",The observed outcome is enough to supervise the model.,"Contact mode support, embodiment limits, and deployment perturbations.","Branch collapse, hidden-mode shift, and tail-risk planning failures.",Generic world models and generic uncertainty are crowded.,Tactile language grounding debt keeps action-critical alternatives explicit until a physical observation collapses them.
96,arxiv:2602.19710v2,Universal Pose Pretraining for Generalizable Vision-Language-Action Policies,2026,arXiv,http://arxiv.org/abs/2602.19710v2,Addresses tactile-language-action models or a neighboring robotics mechanism.,"Prior work usually predicts, ranks, filters, or imitates observed behavior rather than preserving unrealized branches.",The observed outcome is enough to supervise the model.,"Contact mode support, embodiment limits, and deployment perturbations.","Branch collapse, hidden-mode shift, and tail-risk planning failures.",Generic world models and generic uncertainty are crowded.,Tactile language grounding debt keeps action-critical alternatives explicit until a physical observation collapses them.
97,arxiv:2605.22903v1,Seeing without Looking: Do Vision-Language Benchmarks Really Test Vision?,2026,arXiv,http://arxiv.org/abs/2605.22903v1,Addresses tactile-language-action models or a neighboring robotics mechanism.,"Prior work usually predicts, ranks, filters, or imitates observed behavior rather than preserving unrealized branches.",The observed outcome is enough to supervise the model.,"Contact mode support, embodiment limits, and deployment perturbations.","Branch collapse, hidden-mode shift, and tail-risk planning failures.",Generic world models and generic uncertainty are crowded.,Tactile language grounding debt keeps action-critical alternatives explicit until a physical observation collapses them.
98,arxiv:2504.11108v2,Benchmarking Vision Language Models on German Factual Data,2025,arXiv,http://arxiv.org/abs/2504.11108v2,Addresses tactile-language-action models or a neighboring robotics mechanism.,"Prior work usually predicts, ranks, filters, or imitates observed behavior rather than preserving unrealized branches.",The observed outcome is enough to supervise the model.,"Contact mode support, embodiment limits, and deployment perturbations.","Branch collapse, hidden-mode shift, and tail-risk planning failures.",Generic world models and generic uncertainty are crowded.,Tactile language grounding debt keeps action-critical alternatives explicit until a physical observation collapses them.
99,doi:10.1609/aaai.v38i16.29782,LLM vs Small Model? Large Language Model Based Text Augmentation Enhanced Personality Detection Model,2024,Proceedings of the AAAI Conference on Artificial Intelligence,https://doi.org/10.1609/aaai.v38i16.29782,Addresses tactile-language-action models or a neighboring robotics mechanism.,"Prior work usually predicts, ranks, filters, or imitates observed behavior rather than preserving unrealized branches.",The observed outcome is enough to supervise the model.,"Contact mode support, embodiment limits, and deployment perturbations.","Branch collapse, hidden-mode shift, and tail-risk planning failures.",Generic world models and generic uncertainty are crowded.,Tactile language grounding debt keeps action-critical alternatives explicit until a physical observation collapses them.
100,doi:10.1002/adrr.202500072,Grounding Large Language Models for Robot Task Planning Using Closed‐Loop State Feedback,2025,Advanced Robotics Research,https://doi.org/10.1002/adrr.202500072,Addresses tactile-language-action models or a neighboring robotics mechanism.,"Prior work usually predicts, ranks, filters, or imitates observed behavior rather than preserving unrealized branches.",The observed outcome is enough to supervise the model.,"Contact mode support, embodiment limits, and deployment perturbations.","Branch collapse, hidden-mode shift, and tail-risk planning failures.",Generic world models and generic uncertainty are crowded.,Tactile language grounding debt keeps action-critical alternatives explicit until a physical observation collapses them.
